{
  "epochs": 50,
  "final_metrics": {
    "box_loss": 0.3289084810234736,
    "cls_loss": 1.0061530629401787,
    "dfl_loss": 0.49843937641045083,
    "map50": 0.866151210710147
  },
  "best_metrics": {
    "best_map50": 0.8999726113581449,
    "best_epoch": 30
  },
  "training_history": {
    "epochs": [
      1,
      2,
      3,
      4,
      5,
      6,
      7,
      8,
      9,
      10,
      11,
      12,
      13,
      14,
      15,
      16,
      17,
      18,
      19,
      20,
      21,
      22,
      23,
      24,
      25,
      26,
      27,
      28,
      29,
      30,
      31,
      32,
      33,
      34,
      35,
      36,
      37,
      38,
      39,
      40,
      41,
      42,
      43,
      44,
      45,
      46,
      47,
      48,
      49,
      50
    ],
    "box_loss": [
      2.7277449765529083,
      2.5482671149727802,
      2.5165387948727136,
      2.499129868335757,
      2.2235866202061785,
      2.128631856009376,
      2.2196415058475227,
      2.052543588004389,
      1.8471229404609382,
      1.87058265364018,
      1.6960327566699704,
      1.6254561148780404,
      1.6293106690591435,
      1.350135235012744,
      1.3084245986012335,
      1.3670936573689567,
      1.2672542178383743,
      1.3478488826110253,
      1.176050151084132,
      1.0784682327950768,
      1.3214092496700438,
      1.1096000791965452,
      1.0983447439164253,
      0.9105107111591594,
      0.9618237196979569,
      0.992421741556018,
      0.8330012938724984,
      0.9540622116885833,
      0.8263618512426135,
      0.8286560253917469,
      0.770449273343918,
      0.9899691134375321,
      0.7787750490780918,
      0.6509377172362464,
      0.8166893498364318,
      0.5911628555568642,
      0.7139792752845446,
      0.4779545356686101,
      0.5228665740764408,
      0.6580243316784441,
      0.6956839169690515,
      0.6232778987514519,
      0.5796455661949182,
      0.5468975263469058,
      0.415645862367918,
      0.47866268846753846,
      0.4923590284428953,
      0.6325071058454228,
      0.5500957952052723,
      0.3289084810234736
    ],
    "cls_loss": [
      4.391770352018511,
      4.1347030434840955,
      3.9461434468227363,
      4.000326599190975,
      3.92957294068632,
      3.7862034621336433,
      3.397252337339506,
      3.3582142919170814,
      3.3403948189946586,
      3.327611953210911,
      3.004269548655772,
      2.9472847207249906,
      2.712131945779873,
      2.605405261783159,
      2.817125417735235,
      2.8126057004578175,
      2.515666451225308,
      2.5975389585236908,
      2.424911111796782,
      2.2005478932781175,
      2.2810514345425807,
      2.3898371316962206,
      2.0887022584715638,
      2.266268092272549,
      1.5785559990723077,
      2.037104103491404,
      1.871439162815482,
      1.7602680759222777,
      1.7677088400107466,
      1.4066415104586745,
      1.6245860885805756,
      1.6657160875395385,
      1.7902253145746287,
      1.4489025750731763,
      1.3651138153324478,
      1.3724474781908067,
      1.547861071190562,
      1.4241602142578118,
      1.261080254238003,
      1.3845761869456248,
      1.2904818015657735,
      1.3907926527375734,
      1.11095662756437,
      1.1390301333025368,
      1.1023793299165225,
      0.9157424622078649,
      1.1547784645872217,
      1.1255861393483841,
      1.064200702180549,
      1.0061530629401787
    ],
    "dfl_loss": [
      1.69941714101234,
      1.6967290292545074,
      1.6254881557947662,
      1.5157596100621005,
      1.498324474089296,
      1.4788385576517096,
      1.5364651018194275,
      1.3421413127357584,
      1.2947264098188056,
      1.2172617808797461,
      1.0217753045136257,
      1.1280072739040203,
      1.0924274337531172,
      1.2446251541424425,
      0.9944656124284089,
      0.998463116349357,
      0.938115468683198,
      0.8158990454578461,
      0.9711543578856575,
      0.9119459604832452,
      0.8887635955130994,
      0.7279519565651965,
      0.8895913744645227,
      0.6432435529998002,
      0.7816438077266664,
      0.8904405568659454,
      0.617605142614967,
      0.6342571456908932,
      0.6712527101325066,
      0.6076702800030839,
      0.5094558710667054,
      0.6253954811800074,
      0.5221195588682509,
      0.6329304607684535,
      0.5101307036407685,
      0.6969824339584969,
      0.5002533998505381,
      0.5276613887768522,
      0.6095728347353131,
      0.4376077846194024,
      0.5463492212193122,
      0.625260830466893,
      0.38506234726937005,
      0.5218126130171635,
      0.5215988926494987,
      0.5574834822816459,
      0.3904528571931625,
      0.3785656152044585,
      0.5210539183568773,
      0.49843937641045083
    ],
    "map50": [
      0.3511400491749361,
      0.39564269081021264,
      0.4144227889284982,
      0.4689556516990055,
      0.5036694218445901,
      0.5144429365557882,
      0.5945900519136063,
      0.5931012039924066,
      0.5841225764799639,
      0.6435336937023436,
      0.6316366195865047,
      0.6860059604897818,
      0.71109910240488,
      0.6878184768591421,
      0.7385509954375651,
      0.7414332382668134,
      0.7624447370277564,
      0.7957792044438059,
      0.7638651055086138,
      0.763787365916057,
      0.7703853257838436,
      0.7804568760068609,
      0.8031675101475655,
      0.8188588622181228,
      0.8243326460446329,
      0.8415855376615708,
      0.8310649652147206,
      0.8651955789155945,
      0.8357427119726238,
      0.8999726113581449,
      0.8622674115999825,
      0.8364740046056945,
      0.8357653883049462,
      0.870124595649022,
      0.8590447067183521,
      0.8805991521813616,
      0.8783734021878354,
      0.8698424880503435,
      0.8565698245868161,
      0.8452457331192629,
      0.8684927468743537,
      0.8962868205196263,
      0.8850430636858877,
      0.8573255633250251,
      0.887069385048648,
      0.8925725626934405,
      0.8683526070510391,
      0.8901783413118566,
      0.8892595175222978,
      0.866151210710147
    ]
  }
}