{"epochs": [1, 2, 3, 4, 5, 6, 7, 8, 9, 10, 11, 12, 13, 14, 15, 16, 17, 18, 19, 20, 21, 22, 23, 24, 25, 26, 27, 28, 29, 30, 31, 32, 33, 34, 35, 36, 37, 38, 39, 40, 41, 42, 43, 44, 45, 46, 47, 48, 49, 50, 51, 52, 53, 54, 55, 56, 57, 58, 59, 60, 61, 62, 63, 64, 65, 66, 67, 68, 69, 70, 71, 72, 73, 74, 75, 76, 77, 78, 79, 80, 81, 82, 83, 84, 85, 86, 87, 88, 89, 90, 91, 92, 93, 94, 95, 96, 97, 98, 99, 100], "train_loss": [2.4297386500706057, 2.458132148210984, 2.2338844047328905, 2.101334885370498, 2.004980267727048, 1.991531874162031, 1.7690228726478292, 1.7830028048302649, 1.7106475264930998, 1.6259073992073423, 1.4946688718935273, 1.5231264192235907, 1.3576278571110132, 1.3611406545139917, 1.2678883335156537, 1.2721257371871806, 1.1395268729684713, 1.0654868791611738, 0.9744857557866944, 1.014706562798805, 0.9676253911867815, 0.8777124075034426, 0.7955848116515246, 0.9038375684526659, 0.8503133311976663, 0.8032355686713232, 0.6866596937953969, 0.6639513265590979, 0.5646484587751966, 0.5406241846354772, 0.6831114245010983, 0.5818832452493223, 0.511879483548871, 0.531240134457734, 0.5778547240851125, 0.5125063623315691, 0.4932196657055761, 0.4976153994525519, 0.4337800858994878, 0.47608616742176, 0.4170149985557357, 0.3325609723517226, 0.2268972432091085, 0.32700962262622985, 0.3825709110577692, 0.3055092780258318, 0.38835612759880717, 0.36095765970530086, 0.2688397896698975, 0.18848609218550716, 0.3063573254607624, 0.3249537243452396, 0.24271314674684175, 0.25915306386708, 0.29997674247777, 0.230452721783208, 0.2757809221361406, 0.17700806947907602, 0.23445327358526907, 0.1545291357806469, 0.17829580575919007, 0.2486665329562672, 0.3148223876657479, 0.24114422000411978, 0.24275303796704387, 0.1853119178224771, 0.1331633273594251, 0.16523094646441128, 0.2145346116489502, 0.19823472610517234, 0.16144249210340614, 0.19905833576599388, 0.12607205125751983, 0.1754804244027024, 0.1867605305574841, 0.15670407408610568, 0.0449158104334665, 0.16589390236720958, 0.10036010109813712, 0.17438794704967028, 0.1710417392468354, 0.12363083073136628, 0.12269918450850055, 0.07984083994415703, 0.15394746627364206, 0.10922272736285046, 0.16193801161193133, 0.15976281710416973, 0.088091800524326, 0.09724049258183472, 0.15685318357046785, 0.11860215069194865, 0.10655102895351592, 0.13999710545414024, 0.0708892417724011, 0.09991604137592021, 0.022374320478392537, 0.20574979459607962, 0.1139704294605068, 0.1922476674413654], "val_loss": [2.309272432240009, 2.080093949687617, 2.0307045997793116, 1.8994765262431048, 1.7922794552981498, 1.7057346902727075, 1.597341630654629, 1.5423184006690756, 1.444989777090207, 1.5050345724119656, 1.3166207923632247, 1.300394379539206, 1.0969380456931344, 1.237214619375691, 1.1044134192186055, 1.0181801642351562, 0.9424957589258564, 0.87187142169432, 0.8878907674039725, 0.8216592776037931, 0.757287332889755, 0.680668981103485, 0.745020441870542, 0.7688004230788231, 0.5972925334148826, 0.7168217710323656, 0.6216774998162617, 0.3599832256773027, 0.6643288962273892, 0.476220964347065, 0.38468248219306667, 0.4811223141026046, 0.52479655102979, 0.4574690465263436, 0.3463189178802146, 0.45992517109045045, 0.4404475587273116, 0.2903291859819566, 0.5473443352685964, 0.2884584119255363, 0.2406294814356868, 0.3078157499293016, 0.3154594569251232, 0.32580665802887276, 0.36036446138477085, 0.2939837456759953, 0.2852071107509949, 0.3642216597817459, 0.32648465522004794, 0.34286039808945235, 0.24498065176443976, 0.2052576363357952, 0.29061978202837474, 0.20713814391891963, 0.3388838699535317, 0.23262184086216137, 0.3302116425276054, 0.3062982673498726, 0.3030808247292569, 0.2777446517003862, 0.10932001506368054, 0.21107635828664303, 0.18183809956146332, 0.10584599278429761, 0.12217262175282766, 0.26380966434922787, 0.12199363316731227, 0.05916490835539723, 0.10619490688407388, 0.18888217177358266, 0.2084309062170932, 0.17158641771705924, 0.20221419302953705, 0.18775556729981174, 0.1441854811150928, 0.09831484981039236, 0.17119230655735182, 0.1699797533513294, 0.378422322171497, 0.21294571356044018, 0.017804550515678808, 0.26694690941228805, 0.22628909479549025, 0.25580156478350863, 0.16760792255689738, 0.18931470479193074, 0.20333798630538602, 0.2126001666675189, 0.07357099135821783, 0.15196736258587346, 0.020675511505786698, 0.14792231133015832, 0.16209740752585938, 0.1384191089235991, 0.14840936444381464, 0.22918883771011156, 0.18461952267044712, 0.17859933998261074, 0.13194341841766036, 0.12861402124041013], "map50": [58.62558666420846, 64.20512737932218, 69.81855976386466, 73.1057109455641, 76.22419391650365, 79.86967671348407, 82.1353825506609, 83.06783781843184, 84.60714212706944, 85.46514417591239, 86.76137051490961, 86.67382584406823, 87.94370564649276, 87.77115620274965, 89.00404025537797, 89.45766825777116, 88.90361832456237, 89.15764466080866, 88.49547594532703, 90.00727679042116, 90.21379225859418, 89.86327205140354, 89.12127096494744, 89.8524341362195, 89.97326832398171, 89.89189431985396, 89.53460417541851, 90.63812521243821, 89.48469909510688, 90.80313709107857, 90.20359950648245, 89.99323184403309, 89.74657692724999, 89.86056591233022, 90.08699290885434, 89.50565081237366, 89.63591899879694, 90.62807168207456, 88.60079886445345, 90.45255587819528, 90.37442835423144, 90.44237066728755, 89.65659741223112, 90.11539997277777, 90.26762785435085, 90.94857226219219, 89.91445737209648, 90.58508100191705, 89.3183427770966, 89.14228080249416, 89.50483009923234, 90.65509000247303, 90.26169987163841, 89.61843454276965, 89.98609471844009, 89.57735137624358, 90.05473365851331, 89.77775476576035, 90.56690102018275, 90.25441212206826, 90.64039223028846, 89.49121242770366, 89.55742902756644, 90.19981966291138, 90.07701454388601, 90.25732938796732, 90.12344628077304, 90.360654749975, 90.39053533475622, 89.62564460953303, 89.90582983292182, 90.80123201234132, 90.274912142672, 89.8690885953073, 89.92185199990597, 89.63739036654907, 89.2901950745189, 91.22059894516642, 89.45461344364679, 90.27510611515166, 90.77690089698977, 89.82477837244446, 90.68996526783005, 89.96008428010401, 89.8531995624892, 89.44533264256843, 89.90315299504121, 90.10834102424114, 89.92562113065415, 89.18066649128218, 89.32869410665309, 90.9635828672021, 89.77542242119542, 89.72975142423368, 89.78443090786554, 90.07400940055847, 90.1554452000746, 90.02023887503185, 89.26253296194488, 90.59645524275766],